<?xml version="1.0" encoding="utf-8"?>
<!--/292466/279119/2.50/8/3/Integrated Circuit/-->
<quadcept_library>
  <setting unit="mil" />
  <textstyle name="Default" height="47.244094488189" strokewidth="7.8740157480315" charwidth="47.244094488189" />
  <textstyle name="Dimension" height="19.6850393700787" strokewidth="0" charwidth="19.6850393700787" />
  <textstyle name="H127W0635TH00762" height="50" strokewidth="3" charwidth="25" />
  <textstyle name="H15W15TH02" height="59.0551181102362" strokewidth="7.8740157480315" charwidth="59.0551181102362" />
  <padstyle name="r175_60" surface="True" plated="False" isvia="False" nopaste="False" nomask="True" complex="False" holesize="0">
    <padshape layer="TOP" shape="rectangle" width="23.622047244094" height="68.897637795275" />
    <padshape layer="TOP_SOLDER_MASK" shape="rectangle" width="31.496062992126" height="76.771653543306" />
    <padshape layer="TOP_SOLDER_PASTE" shape="rectangle" width="23.622047244094" height="68.897637795275" />
  </padstyle>
  <footprint name="SOT127P600X175-8N" originx="0" originy="0" pickpointx="0" pickpointy="0">
    <pcbpin number="1" name="1" style="r175_60" originx="-100.3937007874" originy="74.999999999999" rotation="90" />
    <pcbpin number="2" name="2" style="r175_60" originx="-100.3937007874" originy="25" rotation="90" />
    <pcbpin number="3" name="3" style="r175_60" originx="-100.3937007874" originy="-25" rotation="90" />
    <pcbpin number="4" name="4" style="r175_60" originx="-100.3937007874" originy="-74.999999999999" rotation="90" />
    <pcbpin number="5" name="5" style="r175_60" originx="100.3937007874" originy="-74.999999999999" rotation="90" />
    <pcbpin number="6" name="6" style="r175_60" originx="100.3937007874" originy="-25" rotation="90" />
    <pcbpin number="7" name="7" style="r175_60" originx="100.3937007874" originy="25" rotation="90" />
    <pcbpin number="8" name="8" style="r175_60" originx="100.3937007874" originy="74.999999999999" rotation="90" />
    <line layer="TOP_PLACE_BOUND" originx="-144.68503937008" originy="108.26771653543" endx="144.68503937008" endy="108.26771653543" width="1.9685039370079" />
    <line layer="TOP_PLACE_BOUND" originx="144.68503937008" originy="108.26771653543" endx="144.68503937008" endy="-108.26771653543" width="1.9685039370079" />
    <line layer="TOP_PLACE_BOUND" originx="144.68503937008" originy="-108.26771653543" endx="-144.68503937008" endy="-108.26771653543" width="1.9685039370079" />
    <line layer="TOP_PLACE_BOUND" originx="-144.68503937008" originy="-108.26771653543" endx="-144.68503937008" endy="108.26771653543" width="1.9685039370079" />
    <line layer="TOP_ASSEMBLY" originx="-76.692913385826" originy="96.535433070865" endx="76.692913385826" endy="96.535433070865" width="3.9370078740157" />
    <line layer="TOP_ASSEMBLY" originx="76.692913385826" originy="96.535433070865" endx="76.692913385826" endy="-96.535433070865" width="3.9370078740157" />
    <line layer="TOP_ASSEMBLY" originx="76.692913385826" originy="-96.535433070865" endx="-76.692913385826" endy="-96.535433070865" width="3.9370078740157" />
    <line layer="TOP_ASSEMBLY" originx="-76.692913385826" originy="-96.535433070865" endx="-76.692913385826" endy="96.535433070865" width="3.9370078740157" />
    <line layer="TOP_ASSEMBLY" originx="-76.692913385826" originy="46.535433070866" endx="-26.692913385826" endy="96.535433070865" width="3.9370078740157" />
    <line layer="TOP_SILKSCREEN" originx="-52.165354330708" originy="96.535433070865" endx="52.165354330708" endy="96.535433070865" width="7.8740157480314" />
    <line layer="TOP_SILKSCREEN" originx="52.165354330708" originy="96.535433070865" endx="52.165354330708" endy="-96.535433070865" width="7.8740157480314" />
    <line layer="TOP_SILKSCREEN" originx="52.165354330708" originy="-96.535433070865" endx="-52.165354330708" endy="-96.535433070865" width="7.8740157480314" />
    <line layer="TOP_SILKSCREEN" originx="-52.165354330708" originy="-96.535433070865" endx="-52.165354330708" endy="96.535433070865" width="7.8740157480314" />
    <line layer="TOP_SILKSCREEN" originx="-134.84251968504" originy="100.5905511811" endx="-65.944881889763" endy="100.5905511811" width="7.8740157480314" />
  </footprint>
  <symbol name="SN65HVD230DR" originx="0" originy="0">
    <line originx="200" originy="100" endx="900" endy="100" width="0" />
    <line originx="900" originy="-400" endx="900" endy="100" width="0" />
    <line originx="900" originy="-400" endx="200" endy="-400" width="0" />
    <line originx="200" originy="100" endx="200" endy="-400" width="0" />
    <sympin number="1" originx="200" originy="0" rotation="180" length="100" width="7.8740157480315" flipped="False">
      <text name="pinname" originx="230" originy="0" style="Default" rotation="0" justify="left" flipped="False" hidden="False" data="D" />
      <text name="pindes" originx="140" originy="20" style="Default" rotation="0" justify="lowerright" flipped="False" hidden="False" data="1" />
    </sympin>
    <sympin number="2" originx="200" originy="-100" rotation="180" length="100" width="7.8740157480315" flipped="False">
      <text name="pinname" originx="230" originy="-100" style="Default" rotation="0" justify="left" flipped="False" hidden="False" data="GND" />
      <text name="pindes" originx="140" originy="-80" style="Default" rotation="0" justify="lowerright" flipped="False" hidden="False" data="2" />
    </sympin>
    <sympin number="3" originx="200" originy="-200" rotation="180" length="100" width="7.8740157480315" flipped="False">
      <text name="pinname" originx="230" originy="-200" style="Default" rotation="0" justify="left" flipped="False" hidden="False" data="VCC" />
      <text name="pindes" originx="140" originy="-180" style="Default" rotation="0" justify="lowerright" flipped="False" hidden="False" data="3" />
    </sympin>
    <sympin number="4" originx="200" originy="-300" rotation="180" length="100" width="7.8740157480315" flipped="False">
      <text name="pinname" originx="230" originy="-300" style="Default" rotation="0" justify="left" flipped="False" hidden="False" data="R" />
      <text name="pindes" originx="140" originy="-280" style="Default" rotation="0" justify="lowerright" flipped="False" hidden="False" data="4" />
    </sympin>
    <sympin number="5" originx="900" originy="0" rotation="0" length="100" width="7.8740157480315" flipped="False">
      <text name="pinname" originx="870" originy="0" style="Default" rotation="0" justify="right" flipped="False" hidden="False" data="VREF" />
      <text name="pindes" originx="960" originy="20" style="Default" rotation="0" justify="lowerleft" flipped="False" hidden="False" data="5" />
    </sympin>
    <sympin number="6" originx="900" originy="-100" rotation="0" length="100" width="7.8740157480315" flipped="False">
      <text name="pinname" originx="870" originy="-100" style="Default" rotation="0" justify="right" flipped="False" hidden="False" data="CANL" />
      <text name="pindes" originx="960" originy="-80" style="Default" rotation="0" justify="lowerleft" flipped="False" hidden="False" data="6" />
    </sympin>
    <sympin number="7" originx="900" originy="-200" rotation="0" length="100" width="7.8740157480315" flipped="False">
      <text name="pinname" originx="870" originy="-200" style="Default" rotation="0" justify="right" flipped="False" hidden="False" data="CANH" />
      <text name="pindes" originx="960" originy="-180" style="Default" rotation="0" justify="lowerleft" flipped="False" hidden="False" data="7" />
    </sympin>
    <sympin number="8" originx="900" originy="-300" rotation="0" length="100" width="7.8740157480315" flipped="False">
      <text name="pinname" originx="870" originy="-300" style="Default" rotation="0" justify="right" flipped="False" hidden="False" data="RS" />
      <text name="pindes" originx="960" originy="-280" style="Default" rotation="0" justify="lowerleft" flipped="False" hidden="False" data="8" />
    </sympin>
  </symbol>
  <component name="SN65HVD230DR" designatorprefix="IC" height="68.897637795275" footprint="SOT127P600X175-8N">
    <comppin designator="1" sympin="1" pinswap="0" gateswap="0" gate="1" group="1" side="" type="Any" name="D" />
    <comppin designator="2" sympin="2" pinswap="0" gateswap="0" gate="1" group="1" side="" type="Any" name="GND" />
    <comppin designator="3" sympin="3" pinswap="0" gateswap="0" gate="1" group="1" side="" type="Any" name="VCC" />
    <comppin designator="4" sympin="4" pinswap="0" gateswap="0" gate="1" group="1" side="" type="Any" name="R" />
    <comppin designator="5" sympin="5" pinswap="0" gateswap="0" gate="1" group="1" side="" type="Any" name="VREF" />
    <comppin designator="6" sympin="6" pinswap="0" gateswap="0" gate="1" group="1" side="" type="Any" name="CANL" />
    <comppin designator="7" sympin="7" pinswap="0" gateswap="0" gate="1" group="1" side="" type="Any" name="CANH" />
    <comppin designator="8" sympin="8" pinswap="0" gateswap="0" gate="1" group="1" side="" type="Any" name="RS" />
    <attached_symbol gate="1" name="SN65HVD230DR" />
    <pinmap designator="1" footprintpin="1" />
    <pinmap designator="2" footprintpin="2" />
    <pinmap designator="3" footprintpin="3" />
    <pinmap designator="4" footprintpin="4" />
    <pinmap designator="5" footprintpin="5" />
    <pinmap designator="6" footprintpin="6" />
    <pinmap designator="7" footprintpin="7" />
    <pinmap designator="8" footprintpin="8" />
    <text name="Datasheet" originx="0" originy="0" style="Default" rotation="0" justify="" flipped="False" hidden="True" data="http://www.ti.com/lit/gpn/sn65hvd230" />
    <text name="Description" originx="0" originy="0" style="Default" rotation="0" justify="" flipped="False" hidden="True" data="3.3 V CAN Transceiver with Standby Mode" />
    <text name="Mouser Part Number" originx="0" originy="0" style="Default" rotation="0" justify="" flipped="False" hidden="True" data="595-SN65HVD230DR" />
    <text name="Mouser Price/Stock" originx="0" originy="0" style="Default" rotation="0" justify="" flipped="False" hidden="True" data="https://www.mouser.co.uk/ProductDetail/Texas-Instruments/SN65HVD230DR?qs=QViXGNcIEAtifeQR3pYVUQ%3D%3D" />
    <text name="Manufacturer_Name" originx="0" originy="0" style="Default" rotation="0" justify="" flipped="False" hidden="True" data="Texas Instruments" />
    <text name="Manufacturer_Part_Number" originx="950" originy="200" style="Default" rotation="0" justify="left" flipped="False" hidden="False" data="SN65HVD230DR" />
  </component>
</quadcept_library>
