<?xml version="1.0" encoding="utf-8"?>
<!--/1312480/279119/2.50/8/2/Power Supply/-->
<quadcept_library>
  <setting unit="mil" />
  <textstyle name="Default" height="47.244094488189" strokewidth="7.8740157480315" charwidth="47.244094488189" />
  <textstyle name="Dimension" height="19.6850393700787" strokewidth="0" charwidth="19.6850393700787" />
  <textstyle name="H127W0635TH00762" height="50" strokewidth="3" charwidth="25" />
  <textstyle name="H15W15TH02" height="59.0551181102362" strokewidth="7.8740157480315" charwidth="59.0551181102362" />
  <padstyle name="c130.3_h76" surface="False" plated="True" isvia="False" nopaste="True" nomask="True" complex="False" holesize="29.921259842519">
    <padshape layer="TOP" shape="round" width="51.299212598425" height="51.299212598425" />
    <padshape layer="TOP_SOLDER_MASK" shape="round" width="59.173228346456" height="59.173228346456" />
    <padshape layer="INNER" shape="round" width="51.299212598425" height="51.299212598425" />
    <padshape layer="BOTTOM" shape="round" width="51.299212598425" height="51.299212598425" />
    <padshape layer="BOTTOM_SOLDER_MASK" shape="round" width="59.173228346456" height="59.173228346456" />
  </padstyle>
  <padstyle name="c184.5_h123" surface="False" plated="True" isvia="False" nopaste="True" nomask="True" complex="False" holesize="48.425196850393">
    <padshape layer="TOP" shape="round" width="72.63779527559" height="72.63779527559" />
    <padshape layer="TOP_SOLDER_MASK" shape="round" width="80.511811023621" height="80.511811023621" />
    <padshape layer="INNER" shape="round" width="72.63779527559" height="72.63779527559" />
    <padshape layer="BOTTOM" shape="round" width="72.63779527559" height="72.63779527559" />
    <padshape layer="BOTTOM_SOLDER_MASK" shape="round" width="80.511811023621" height="80.511811023621" />
  </padstyle>
  <footprint name="TMR62410WIR" originx="0" originy="0" pickpointx="0" pickpointy="0">
    <pcbpin number="1" name="1" style="c130.3_h76" originx="0" originy="0" rotation="90" />
    <pcbpin number="2" name="2" style="c130.3_h76" originx="99.999999999999" originy="0" rotation="90" />
    <pcbpin number="3" name="3" style="c130.3_h76" originx="200" originy="0" rotation="90" />
    <pcbpin number="4" name="6" style="c130.3_h76" originx="499.99999999999" originy="0" rotation="90" />
    <pcbpin number="5" name="7" style="c130.3_h76" originx="599.99999999999" originy="0" rotation="90" />
    <pcbpin number="6" name="8" style="c130.3_h76" originx="699.99999999999" originy="0" rotation="90" />
    <pcbpin number="7" name="9" style="c184.5_h123" originx="141.73228346457" originy="-243.11023622047" rotation="90" />
    <pcbpin number="8" name="10" style="c184.5_h123" originx="559.05511811023" originy="134.84251968504" rotation="90" />
    <line layer="TOP_ASSEMBLY" originx="-78.740157480314" originy="134.84251968504" endx="779.52755905511" endy="134.84251968504" width="7.8740157480314" />
    <line layer="TOP_ASSEMBLY" originx="779.52755905511" originy="134.84251968504" endx="779.52755905511" endy="-243.11023622047" width="7.8740157480314" />
    <line layer="TOP_ASSEMBLY" originx="779.52755905511" originy="-243.11023622047" endx="-78.740157480314" endy="-243.11023622047" width="7.8740157480314" />
    <line layer="TOP_ASSEMBLY" originx="-78.740157480314" originy="-243.11023622047" endx="-78.740157480314" endy="134.84251968504" width="7.8740157480314" />
    <line layer="TOP_SILKSCREEN" originx="78.740157480314" originy="-243.11023622047" endx="-78.740157480314" endy="-243.11023622047" width="3.9370078740157" />
    <line layer="TOP_SILKSCREEN" originx="-78.740157480314" originy="-243.11023622047" endx="-78.740157480314" endy="-243.11023622047" width="3.9370078740157" />
    <line layer="TOP_SILKSCREEN" originx="-78.740157480314" originy="-243.11023622047" endx="78.740157480314" endy="-243.11023622047" width="3.9370078740157" />
    <line layer="TOP_SILKSCREEN" originx="78.740157480314" originy="-243.11023622047" endx="78.740157480314" endy="-243.11023622047" width="3.9370078740157" />
    <line layer="TOP_SILKSCREEN" originx="-78.740157480314" originy="-236.22047244094" endx="-78.740157480314" endy="-236.22047244094" width="3.9370078740157" />
    <line layer="TOP_SILKSCREEN" originx="-78.740157480314" originy="-236.22047244094" endx="-78.740157480314" endy="134.84251968504" width="3.9370078740157" />
    <line layer="TOP_SILKSCREEN" originx="-78.740157480314" originy="134.84251968504" endx="-78.740157480314" endy="134.84251968504" width="3.9370078740157" />
    <line layer="TOP_SILKSCREEN" originx="-78.740157480314" originy="134.84251968504" endx="-78.740157480314" endy="-236.22047244094" width="3.9370078740157" />
    <line layer="TOP_SILKSCREEN" originx="-78.740157480314" originy="134.84251968504" endx="492.12598425196" endy="134.84251968504" width="3.9370078740157" />
    <line layer="TOP_SILKSCREEN" originx="492.12598425196" originy="134.84251968504" endx="492.12598425196" endy="134.84251968504" width="3.9370078740157" />
    <line layer="TOP_SILKSCREEN" originx="492.12598425196" originy="134.84251968504" endx="-78.740157480314" endy="134.84251968504" width="3.9370078740157" />
    <line layer="TOP_SILKSCREEN" originx="-78.740157480314" originy="134.84251968504" endx="-78.740157480314" endy="134.84251968504" width="3.9370078740157" />
    <line layer="TOP_SILKSCREEN" originx="620.07874015747" originy="134.84251968504" endx="779.52755905511" endy="134.84251968504" width="3.9370078740157" />
    <line layer="TOP_SILKSCREEN" originx="779.52755905511" originy="134.84251968504" endx="779.52755905511" endy="134.84251968504" width="3.9370078740157" />
    <line layer="TOP_SILKSCREEN" originx="779.52755905511" originy="134.84251968504" endx="620.07874015747" endy="134.84251968504" width="3.9370078740157" />
    <line layer="TOP_SILKSCREEN" originx="620.07874015747" originy="134.84251968504" endx="620.07874015747" endy="134.84251968504" width="3.9370078740157" />
    <line layer="TOP_SILKSCREEN" originx="779.52755905511" originy="134.84251968504" endx="779.52755905511" endy="134.84251968504" width="3.9370078740157" />
    <line layer="TOP_SILKSCREEN" originx="779.52755905511" originy="134.84251968504" endx="779.52755905511" endy="-243.11023622047" width="3.9370078740157" />
    <line layer="TOP_SILKSCREEN" originx="779.52755905511" originy="-243.11023622047" endx="779.52755905511" endy="-243.11023622047" width="3.9370078740157" />
    <line layer="TOP_SILKSCREEN" originx="779.52755905511" originy="-243.11023622047" endx="779.52755905511" endy="134.84251968504" width="3.9370078740157" />
    <line layer="TOP_SILKSCREEN" originx="779.52755905511" originy="-243.11023622047" endx="216.53543307086" endy="-243.11023622047" width="3.9370078740157" />
    <line layer="TOP_SILKSCREEN" originx="216.53543307086" originy="-243.11023622047" endx="216.53543307086" endy="-243.11023622047" width="3.9370078740157" />
    <line layer="TOP_SILKSCREEN" originx="216.53543307086" originy="-243.11023622047" endx="779.52755905511" endy="-243.11023622047" width="3.9370078740157" />
    <line layer="TOP_SILKSCREEN" originx="779.52755905511" originy="-243.11023622047" endx="779.52755905511" endy="-243.11023622047" width="3.9370078740157" />
    <line layer="TOP_PLACE_BOUND" originx="-118.11023622047" originy="-318.77952755905" endx="818.89763779527" endy="-318.77952755905" width="3.9370078740157" />
    <line layer="TOP_PLACE_BOUND" originx="818.89763779527" originy="-318.77952755905" endx="818.89763779527" endy="210.55118110236" width="3.9370078740157" />
    <line layer="TOP_PLACE_BOUND" originx="818.89763779527" originy="210.55118110236" endx="-118.11023622047" endy="210.55118110236" width="3.9370078740157" />
    <line layer="TOP_PLACE_BOUND" originx="-118.11023622047" originy="210.55118110236" endx="-118.11023622047" endy="-318.77952755905" width="3.9370078740157" />
    <line layer="TOP_SILKSCREEN" originx="-23.622047244094" originy="153.54330708661" endx="-23.622047244094" endy="153.54330708661" width="7.8740157480314" />
    <arc layer="TOP_SILKSCREEN" originx="-25.590551181102" originy="153.54330708661" startangle="180.0" sweepangle="180.0" radius="-1.9685039370079" width="7.8740157480314" />
    <line layer="TOP_SILKSCREEN" originx="-19.685039370078" originy="153.54330708661" endx="-19.685039370078" endy="153.54330708661" width="7.8740157480314" />
    <arc layer="TOP_SILKSCREEN" originx="-25.590551181102" originy="153.54330708661" startangle=".0" sweepangle="180.0" radius="-1.9685039370079" width="7.8740157480314" />
    <line layer="TOP_SILKSCREEN" originx="-23.622047244094" originy="153.54330708661" endx="-23.622047244094" endy="153.54330708661" width="7.8740157480314" />
    <arc layer="TOP_SILKSCREEN" originx="-25.590551181102" originy="153.54330708661" startangle="180.0" sweepangle="180.0" radius="-1.9685039370079" width="7.8740157480314" />
  </footprint>
  <symbol name="TMR_6-2410WIR" originx="0" originy="0">
    <line originx="200" originy="100" endx="1300" endy="100" width="0" />
    <line originx="1300" originy="-400" endx="1300" endy="100" width="0" />
    <line originx="1300" originy="-400" endx="200" endy="-400" width="0" />
    <line originx="200" originy="100" endx="200" endy="-400" width="0" />
    <sympin number="1" originx="200" originy="0" rotation="180" length="100" width="7.8740157480315" flipped="False">
      <text name="pinname" originx="230" originy="0" style="Default" rotation="0" justify="left" flipped="False" hidden="False" data="-VIN_(GND)" />
      <text name="pindes" originx="140" originy="20" style="Default" rotation="0" justify="lowerright" flipped="False" hidden="False" data="1" />
    </sympin>
    <sympin number="2" originx="200" originy="-100" rotation="180" length="100" width="7.8740157480315" flipped="False">
      <text name="pinname" originx="230" originy="-100" style="Default" rotation="0" justify="left" flipped="False" hidden="False" data="+VIN_(VCC)" />
      <text name="pindes" originx="140" originy="-80" style="Default" rotation="0" justify="lowerright" flipped="False" hidden="False" data="2" />
    </sympin>
    <sympin number="3" originx="200" originy="-200" rotation="180" length="100" width="7.8740157480315" flipped="False">
      <text name="pinname" originx="230" originy="-200" style="Default" rotation="0" justify="left" flipped="False" hidden="False" data="REMOTE" />
      <text name="pindes" originx="140" originy="-180" style="Default" rotation="0" justify="lowerright" flipped="False" hidden="False" data="3" />
    </sympin>
    <sympin number="6" originx="200" originy="-300" rotation="180" length="100" width="7.8740157480315" flipped="False">
      <text name="pinname" originx="230" originy="-300" style="Default" rotation="0" justify="left" flipped="False" hidden="False" data="+VOUT" />
      <text name="pindes" originx="140" originy="-280" style="Default" rotation="0" justify="lowerright" flipped="False" hidden="False" data="6" />
    </sympin>
    <sympin number="7" originx="1300" originy="0" rotation="0" length="100" width="7.8740157480315" flipped="False">
      <text name="pinname" originx="1270" originy="0" style="Default" rotation="0" justify="right" flipped="False" hidden="False" data="-VOUT" />
      <text name="pindes" originx="1360" originy="20" style="Default" rotation="0" justify="lowerleft" flipped="False" hidden="False" data="7" />
    </sympin>
    <sympin number="8" originx="1300" originy="-100" rotation="0" length="100" width="7.8740157480315" flipped="False">
      <text name="pinname" originx="1270" originy="-100" style="Default" rotation="0" justify="right" flipped="False" hidden="False" data="NC" />
      <text name="pindes" originx="1360" originy="-80" style="Default" rotation="0" justify="lowerleft" flipped="False" hidden="False" data="8" />
    </sympin>
    <sympin number="9" originx="1300" originy="-200" rotation="0" length="100" width="7.8740157480315" flipped="False">
      <text name="pinname" originx="1270" originy="-200" style="Default" rotation="0" justify="right" flipped="False" hidden="False" data="CASE_1" />
      <text name="pindes" originx="1360" originy="-180" style="Default" rotation="0" justify="lowerleft" flipped="False" hidden="False" data="9" />
    </sympin>
    <sympin number="10" originx="1300" originy="-300" rotation="0" length="100" width="7.8740157480315" flipped="False">
      <text name="pinname" originx="1270" originy="-300" style="Default" rotation="0" justify="right" flipped="False" hidden="False" data="CASE_2" />
      <text name="pindes" originx="1360" originy="-280" style="Default" rotation="0" justify="lowerleft" flipped="False" hidden="False" data="10" />
    </sympin>
  </symbol>
  <component name="TMR_6-2410WIR" designatorprefix="PS" height="460.62992125984" footprint="TMR62410WIR">
    <comppin designator="1" sympin="1" pinswap="0" gateswap="0" gate="1" group="1" side="" type="Any" name="-VIN_(GND)" />
    <comppin designator="2" sympin="2" pinswap="0" gateswap="0" gate="1" group="1" side="" type="Any" name="+VIN_(VCC)" />
    <comppin designator="3" sympin="3" pinswap="0" gateswap="0" gate="1" group="1" side="" type="Any" name="REMOTE" />
    <comppin designator="6" sympin="6" pinswap="0" gateswap="0" gate="1" group="1" side="" type="Any" name="+VOUT" />
    <comppin designator="7" sympin="7" pinswap="0" gateswap="0" gate="1" group="1" side="" type="Any" name="-VOUT" />
    <comppin designator="8" sympin="8" pinswap="0" gateswap="0" gate="1" group="1" side="" type="Any" name="NC" />
    <comppin designator="9" sympin="9" pinswap="0" gateswap="0" gate="1" group="1" side="" type="Any" name="CASE_1" />
    <comppin designator="10" sympin="10" pinswap="0" gateswap="0" gate="1" group="1" side="" type="Any" name="CASE_2" />
    <attached_symbol gate="1" name="TMR_6-2410WIR" />
    <pinmap designator="1" footprintpin="1" />
    <pinmap designator="2" footprintpin="2" />
    <pinmap designator="3" footprintpin="3" />
    <pinmap designator="6" footprintpin="4" />
    <pinmap designator="7" footprintpin="5" />
    <pinmap designator="8" footprintpin="6" />
    <pinmap designator="9" footprintpin="7" />
    <pinmap designator="10" footprintpin="8" />
    <text name="Datasheet" originx="0" originy="0" style="Default" rotation="0" justify="" flipped="False" hidden="True" data="https://tracopower.com/tmr6wir-datasheet/" />
    <text name="Description" originx="0" originy="0" style="Default" rotation="0" justify="" flipped="False" hidden="True" data="6 Watt DC/DC converter, railway, 4:1 input incl. 110 VDC nominal, regulated, 3000 VDC I/O-isolation, encapsulated, SIP-8 metal case" />
    <text name="Mouser Part Number" originx="0" originy="0" style="Default" rotation="0" justify="" flipped="False" hidden="True" data="495-TMR6-2410WIR" />
    <text name="Mouser Price/Stock" originx="0" originy="0" style="Default" rotation="0" justify="" flipped="False" hidden="True" data="https://www.mouser.co.uk/ProductDetail/TRACO-Power/TMR-6-2410WIR?qs=y6ZabgHbY%252ByaorSp5NMGYw%3D%3D" />
    <text name="Manufacturer_Name" originx="0" originy="0" style="Default" rotation="0" justify="" flipped="False" hidden="True" data="Traco Power" />
    <text name="Manufacturer_Part_Number" originx="1350" originy="200" style="Default" rotation="0" justify="left" flipped="False" hidden="False" data="TMR 6-2410WIR" />
  </component>
</quadcept_library>
