<?xml version="1.0" encoding="utf-8"?>
<!--/1943208/279119/2.50/6/4/Connector/-->
<quadcept_library>
  <setting unit="mil" />
  <textstyle name="Default" height="47.244094488189" strokewidth="7.8740157480315" charwidth="47.244094488189" />
  <textstyle name="Dimension" height="19.6850393700787" strokewidth="0" charwidth="19.6850393700787" />
  <textstyle name="H127W0635TH00762" height="50" strokewidth="3" charwidth="25" />
  <textstyle name="H15W15TH02" height="59.0551181102362" strokewidth="7.8740157480315" charwidth="59.0551181102362" />
  <padstyle name="c163.5_h109" surface="False" plated="True" isvia="False" nopaste="True" nomask="True" complex="False" holesize="42.913385826771">
    <padshape layer="TOP" shape="round" width="64.370078740157" height="64.370078740157" />
    <padshape layer="TOP_SOLDER_MASK" shape="round" width="72.244094488188" height="72.244094488188" />
    <padshape layer="INNER" shape="round" width="64.370078740157" height="64.370078740157" />
    <padshape layer="BOTTOM" shape="round" width="64.370078740157" height="64.370078740157" />
    <padshape layer="BOTTOM_SOLDER_MASK" shape="round" width="72.244094488188" height="72.244094488188" />
  </padstyle>
  <footprint name="398800506" originx="0" originy="0" pickpointx="0" pickpointy="0">
    <pcbpin number="1" name="1" style="c163.5_h109" originx="0" originy="0" rotation="90" />
    <pcbpin number="2" name="2" style="c163.5_h109" originx="200" originy="0" rotation="90" />
    <pcbpin number="3" name="3" style="c163.5_h109" originx="400" originy="0" rotation="90" />
    <pcbpin number="4" name="4" style="c163.5_h109" originx="99.999999999999" originy="-400" rotation="90" />
    <pcbpin number="5" name="5" style="c163.5_h109" originx="300" originy="-400" rotation="90" />
    <pcbpin number="6" name="6" style="c163.5_h109" originx="499.99999999999" originy="-400" rotation="90" />
    <line layer="TOP_ASSEMBLY" originx="-99.999999999999" originy="166.92913385827" endx="599.99999999999" endy="166.92913385827" width="7.8740157480314" />
    <line layer="TOP_ASSEMBLY" originx="599.99999999999" originy="166.92913385827" endx="599.99999999999" endy="-561.41732283464" width="7.8740157480314" />
    <line layer="TOP_ASSEMBLY" originx="599.99999999999" originy="-561.41732283464" endx="-99.999999999999" endy="-561.41732283464" width="7.8740157480314" />
    <line layer="TOP_ASSEMBLY" originx="-99.999999999999" originy="-561.41732283464" endx="-99.999999999999" endy="166.92913385827" width="7.8740157480314" />
    <line layer="TOP_SILKSCREEN" originx="-99.999999999999" originy="166.92913385827" endx="599.99999999999" endy="166.92913385827" width="3.9370078740157" />
    <line layer="TOP_SILKSCREEN" originx="599.99999999999" originy="166.92913385827" endx="599.99999999999" endy="-561.41732283464" width="3.9370078740157" />
    <line layer="TOP_SILKSCREEN" originx="599.99999999999" originy="-561.41732283464" endx="-99.999999999999" endy="-561.41732283464" width="3.9370078740157" />
    <line layer="TOP_SILKSCREEN" originx="-99.999999999999" originy="-561.41732283464" endx="-99.999999999999" endy="166.92913385827" width="3.9370078740157" />
    <line layer="TOP_PLACE_BOUND" originx="-139.37007874016" originy="206.29921259842" endx="639.37007874015" endy="206.29921259842" width="3.9370078740157" />
    <line layer="TOP_PLACE_BOUND" originx="639.37007874015" originy="206.29921259842" endx="639.37007874015" endy="-600.7874015748" width="3.9370078740157" />
    <line layer="TOP_PLACE_BOUND" originx="639.37007874015" originy="-600.7874015748" endx="-139.37007874016" endy="-600.7874015748" width="3.9370078740157" />
    <line layer="TOP_PLACE_BOUND" originx="-139.37007874016" originy="-600.7874015748" endx="-139.37007874016" endy="206.29921259842" width="3.9370078740157" />
  </footprint>
  <symbol name="39880-0506" originx="0" originy="0">
    <line originx="200" originy="100" endx="600" endy="100" width="0" />
    <line originx="600" originy="-300" endx="600" endy="100" width="0" />
    <line originx="600" originy="-300" endx="200" endy="-300" width="0" />
    <line originx="200" originy="100" endx="200" endy="-300" width="0" />
    <sympin number="1" originx="600" originy="0" rotation="0" length="100" width="7.8740157480315" flipped="False">
      <text name="pinname" originx="570" originy="0" style="Default" rotation="0" justify="right" flipped="False" hidden="False" data="1" />
      <text name="pindes" originx="660" originy="20" style="Default" rotation="0" justify="lowerleft" flipped="False" hidden="False" data="1" />
    </sympin>
    <sympin number="2" originx="600" originy="-100" rotation="0" length="100" width="7.8740157480315" flipped="False">
      <text name="pinname" originx="570" originy="-100" style="Default" rotation="0" justify="right" flipped="False" hidden="False" data="2" />
      <text name="pindes" originx="660" originy="-80" style="Default" rotation="0" justify="lowerleft" flipped="False" hidden="False" data="2" />
    </sympin>
    <sympin number="3" originx="600" originy="-200" rotation="0" length="100" width="7.8740157480315" flipped="False">
      <text name="pinname" originx="570" originy="-200" style="Default" rotation="0" justify="right" flipped="False" hidden="False" data="3" />
      <text name="pindes" originx="660" originy="-180" style="Default" rotation="0" justify="lowerleft" flipped="False" hidden="False" data="3" />
    </sympin>
    <sympin number="4" originx="200" originy="0" rotation="180" length="100" width="7.8740157480315" flipped="False">
      <text name="pinname" originx="230" originy="0" style="Default" rotation="0" justify="left" flipped="False" hidden="False" data="4" />
      <text name="pindes" originx="140" originy="20" style="Default" rotation="0" justify="lowerright" flipped="False" hidden="False" data="4" />
    </sympin>
    <sympin number="5" originx="200" originy="-100" rotation="180" length="100" width="7.8740157480315" flipped="False">
      <text name="pinname" originx="230" originy="-100" style="Default" rotation="0" justify="left" flipped="False" hidden="False" data="5" />
      <text name="pindes" originx="140" originy="-80" style="Default" rotation="0" justify="lowerright" flipped="False" hidden="False" data="5" />
    </sympin>
    <sympin number="6" originx="200" originy="-200" rotation="180" length="100" width="7.8740157480315" flipped="False">
      <text name="pinname" originx="230" originy="-200" style="Default" rotation="0" justify="left" flipped="False" hidden="False" data="6" />
      <text name="pindes" originx="140" originy="-180" style="Default" rotation="0" justify="lowerright" flipped="False" hidden="False" data="6" />
    </sympin>
  </symbol>
  <component name="39880-0506" designatorprefix="J" height="748.03149606298" footprint="398800506">
    <comppin designator="1" sympin="1" pinswap="0" gateswap="0" gate="1" group="1" side="" type="Any" name="1" />
    <comppin designator="2" sympin="2" pinswap="0" gateswap="0" gate="1" group="1" side="" type="Any" name="2" />
    <comppin designator="3" sympin="3" pinswap="0" gateswap="0" gate="1" group="1" side="" type="Any" name="3" />
    <comppin designator="4" sympin="4" pinswap="0" gateswap="0" gate="1" group="1" side="" type="Any" name="4" />
    <comppin designator="5" sympin="5" pinswap="0" gateswap="0" gate="1" group="1" side="" type="Any" name="5" />
    <comppin designator="6" sympin="6" pinswap="0" gateswap="0" gate="1" group="1" side="" type="Any" name="6" />
    <attached_symbol gate="1" name="39880-0506" />
    <pinmap designator="1" footprintpin="1" />
    <pinmap designator="2" footprintpin="2" />
    <pinmap designator="3" footprintpin="3" />
    <pinmap designator="4" footprintpin="4" />
    <pinmap designator="5" footprintpin="5" />
    <pinmap designator="6" footprintpin="6" />
    <text name="Datasheet" originx="0" originy="0" style="Default" rotation="0" justify="" flipped="False" hidden="True" data="https://componentsearchengine.com/Datasheets/1/39880-0506.pdf" />
    <text name="Description" originx="0" originy="0" style="Default" rotation="0" justify="" flipped="False" hidden="True" data="Fixed Terminal Blocks LOW PROFILE 2 LEVEL 5.08 6 ASY" />
    <text name="Mouser Part Number" originx="0" originy="0" style="Default" rotation="0" justify="" flipped="False" hidden="True" data="538-39880-0506" />
    <text name="Mouser Price/Stock" originx="0" originy="0" style="Default" rotation="0" justify="" flipped="False" hidden="True" data="https://www.mouser.com/Search/Refine.aspx?Keyword=538-39880-0506" />
    <text name="Manufacturer_Name" originx="0" originy="0" style="Default" rotation="0" justify="" flipped="False" hidden="True" data="Molex" />
    <text name="Manufacturer_Part_Number" originx="650" originy="200" style="Default" rotation="0" justify="left" flipped="False" hidden="False" data="39880-0506" />
  </component>
</quadcept_library>
