<?xml version="1.0" encoding="utf-8"?>
<!--/255122/279119/2.50/7/2/Undefined or Miscellaneous/-->
<quadcept_library>
  <setting unit="mil" />
  <textstyle name="Default" height="47.244094488189" strokewidth="7.8740157480315" charwidth="47.244094488189" />
  <textstyle name="Dimension" height="19.6850393700787" strokewidth="0" charwidth="19.6850393700787" />
  <textstyle name="H127W0635TH00762" height="50" strokewidth="3" charwidth="25" />
  <textstyle name="H15W15TH02" height="59.0551181102362" strokewidth="7.8740157480315" charwidth="59.0551181102362" />
  <padstyle name="c125_h75" surface="False" plated="True" isvia="False" nopaste="True" nomask="True" complex="False" holesize="29.527559055118">
    <padshape layer="TOP" shape="round" width="49.212598425196" height="49.212598425196" />
    <padshape layer="TOP_SOLDER_MASK" shape="round" width="57.086614173228" height="57.086614173228" />
    <padshape layer="INNER" shape="round" width="49.212598425196" height="49.212598425196" />
    <padshape layer="BOTTOM" shape="round" width="49.212598425196" height="49.212598425196" />
    <padshape layer="BOTTOM_SOLDER_MASK" shape="round" width="57.086614173228" height="57.086614173228" />
  </padstyle>
  <footprint name="TEL52410" originx="0" originy="0" pickpointx="0" pickpointy="0">
    <pcbpin number="1" name="2" style="c125_h75" originx="0" originy="0" rotation="90" />
    <pcbpin number="2" name="3" style="c125_h75" originx="99.999999999999" originy="0" rotation="90" />
    <pcbpin number="3" name="11" style="c125_h75" originx="899.99999999999" originy="0" rotation="90" />
    <pcbpin number="4" name="14" style="c125_h75" originx="899.99999999999" originy="599.21259842519" rotation="90" />
    <pcbpin number="5" name="16" style="c125_h75" originx="699.99999999999" originy="599.21259842519" rotation="90" />
    <pcbpin number="6" name="22" style="c125_h75" originx="99.999999999999" originy="599.21259842519" rotation="90" />
    <pcbpin number="7" name="23" style="c125_h75" originx="0" originy="599.21259842519" rotation="90" />
    <line layer="TOP_ASSEMBLY" originx="-177.16535433071" originy="699.60629921259" endx="1058.4251968504" endy="699.60629921259" width="7.8740157480314" />
    <line layer="TOP_ASSEMBLY" originx="1058.4251968504" originy="699.60629921259" endx="1058.4251968504" endy="-99.606299212597" width="7.8740157480314" />
    <line layer="TOP_ASSEMBLY" originx="1058.4251968504" originy="-99.606299212597" endx="-177.16535433071" endy="-99.606299212597" width="7.8740157480314" />
    <line layer="TOP_ASSEMBLY" originx="-177.16535433071" originy="-99.606299212597" endx="-177.16535433071" endy="699.60629921259" width="7.8740157480314" />
    <line layer="TOP_SILKSCREEN" originx="-177.16535433071" originy="699.99999999999" endx="1058.4251968504" endy="699.99999999999" width="3.9370078740157" />
    <line layer="TOP_SILKSCREEN" originx="1058.4251968504" originy="699.99999999999" endx="1058.4251968504" endy="-99.999999999999" width="3.9370078740157" />
    <line layer="TOP_SILKSCREEN" originx="1058.4251968504" originy="-99.999999999999" endx="-177.16535433071" endy="-99.999999999999" width="3.9370078740157" />
    <line layer="TOP_SILKSCREEN" originx="-177.16535433071" originy="-99.999999999999" endx="-177.16535433071" endy="699.99999999999" width="3.9370078740157" />
    <line layer="TOP_PLACE_BOUND" originx="-216.53543307086" originy="739.37007874015" endx="1097.7952755905" endy="739.37007874015" width="3.9370078740157" />
    <line layer="TOP_PLACE_BOUND" originx="1097.7952755905" originy="739.37007874015" endx="1097.7952755905" endy="-172.87401574803" width="3.9370078740157" />
    <line layer="TOP_PLACE_BOUND" originx="1097.7952755905" originy="-172.87401574803" endx="-216.53543307086" endy="-172.87401574803" width="3.9370078740157" />
    <line layer="TOP_PLACE_BOUND" originx="-216.53543307086" originy="-172.87401574803" endx="-216.53543307086" endy="739.37007874015" width="3.9370078740157" />
    <line layer="TOP_SILKSCREEN" originx="-52.63779527559" originy="-131.45669291338" endx="-52.63779527559" endy="-131.45669291338" width="4.1338582677165" />
    <arc layer="TOP_SILKSCREEN" originx="-50.570866141732" originy="-131.43700787401" startangle="180.0" sweepangle="180.0" radius="2.0669291338582" width="4.1338582677165" />
    <line layer="TOP_SILKSCREEN" originx="-48.464566929133" originy="-131.45669291338" endx="-48.464566929133" endy="-131.45669291338" width="4.1338582677165" />
    <arc layer="TOP_SILKSCREEN" originx="-50.570866141732" originy="-131.43700787401" startangle=".0" sweepangle="180.0" radius="2.0669291338582" width="4.1338582677165" />
  </footprint>
  <symbol name="TEL_5-2410" originx="0" originy="0">
    <line originx="200" originy="100" endx="1700" endy="100" width="0" />
    <line originx="1700" originy="-400" endx="1700" endy="100" width="0" />
    <line originx="1700" originy="-400" endx="200" endy="-400" width="0" />
    <line originx="200" originy="100" endx="200" endy="-400" width="0" />
    <sympin number="2" originx="200" originy="0" rotation="180" length="100" width="7.8740157480315" flipped="False">
      <text name="pinname" originx="230" originy="0" style="Default" rotation="0" justify="left" flipped="False" hidden="False" data="-VIN_(GND)_1" />
      <text name="pindes" originx="140" originy="20" style="Default" rotation="0" justify="lowerright" flipped="False" hidden="False" data="2" />
    </sympin>
    <sympin number="3" originx="200" originy="-100" rotation="180" length="100" width="7.8740157480315" flipped="False">
      <text name="pinname" originx="230" originy="-100" style="Default" rotation="0" justify="left" flipped="False" hidden="False" data="-VIN_(GND)_2" />
      <text name="pindes" originx="140" originy="-80" style="Default" rotation="0" justify="lowerright" flipped="False" hidden="False" data="3" />
    </sympin>
    <sympin number="11" originx="200" originy="-200" rotation="180" length="100" width="7.8740157480315" flipped="False">
      <text name="pinname" originx="230" originy="-200" style="Default" rotation="0" justify="left" flipped="False" hidden="False" data="NO_CON." />
      <text name="pindes" originx="140" originy="-180" style="Default" rotation="0" justify="lowerright" flipped="False" hidden="False" data="11" />
    </sympin>
    <sympin number="14" originx="1700" originy="-300" rotation="0" length="100" width="7.8740157480315" flipped="False">
      <text name="pinname" originx="1670" originy="-300" style="Default" rotation="0" justify="right" flipped="False" hidden="False" data="+VOUT" />
      <text name="pindes" originx="1760" originy="-280" style="Default" rotation="0" justify="lowerleft" flipped="False" hidden="False" data="14" />
    </sympin>
    <sympin number="16" originx="1700" originy="-200" rotation="0" length="100" width="7.8740157480315" flipped="False">
      <text name="pinname" originx="1670" originy="-200" style="Default" rotation="0" justify="right" flipped="False" hidden="False" data="-VOUT" />
      <text name="pindes" originx="1760" originy="-180" style="Default" rotation="0" justify="lowerleft" flipped="False" hidden="False" data="16" />
    </sympin>
    <sympin number="22" originx="1700" originy="-100" rotation="0" length="100" width="7.8740157480315" flipped="False">
      <text name="pinname" originx="1670" originy="-100" style="Default" rotation="0" justify="right" flipped="False" hidden="False" data="+VIN_(VCC)_1" />
      <text name="pindes" originx="1760" originy="-80" style="Default" rotation="0" justify="lowerleft" flipped="False" hidden="False" data="22" />
    </sympin>
    <sympin number="23" originx="1700" originy="0" rotation="0" length="100" width="7.8740157480315" flipped="False">
      <text name="pinname" originx="1670" originy="0" style="Default" rotation="0" justify="right" flipped="False" hidden="False" data="+VIN_(VCC)_2" />
      <text name="pindes" originx="1760" originy="20" style="Default" rotation="0" justify="lowerleft" flipped="False" hidden="False" data="23" />
    </sympin>
  </symbol>
  <component name="TEL_5-2410" designatorprefix="U" height="407.48031496062" footprint="TEL52410">
    <comppin designator="2" sympin="2" pinswap="0" gateswap="0" gate="1" group="1" side="" type="Any" name="-VIN_(GND)_1" />
    <comppin designator="3" sympin="3" pinswap="0" gateswap="0" gate="1" group="1" side="" type="Any" name="-VIN_(GND)_2" />
    <comppin designator="11" sympin="11" pinswap="0" gateswap="0" gate="1" group="1" side="" type="Any" name="NO_CON." />
    <comppin designator="14" sympin="14" pinswap="0" gateswap="0" gate="1" group="1" side="" type="Any" name="+VOUT" />
    <comppin designator="16" sympin="16" pinswap="0" gateswap="0" gate="1" group="1" side="" type="Any" name="-VOUT" />
    <comppin designator="22" sympin="22" pinswap="0" gateswap="0" gate="1" group="1" side="" type="Any" name="+VIN_(VCC)_1" />
    <comppin designator="23" sympin="23" pinswap="0" gateswap="0" gate="1" group="1" side="" type="Any" name="+VIN_(VCC)_2" />
    <attached_symbol gate="1" name="TEL_5-2410" />
    <pinmap designator="2" footprintpin="1" />
    <pinmap designator="3" footprintpin="2" />
    <pinmap designator="11" footprintpin="3" />
    <pinmap designator="14" footprintpin="4" />
    <pinmap designator="16" footprintpin="5" />
    <pinmap designator="22" footprintpin="6" />
    <pinmap designator="23" footprintpin="7" />
    <text name="Datasheet" originx="0" originy="0" style="Default" rotation="0" justify="" flipped="False" hidden="True" data="https://tracopower.com/tel5-datasheet/" />
    <text name="Description" originx="0" originy="0" style="Default" rotation="0" justify="" flipped="False" hidden="True" data="5 Watt DC/DC converter, industrial, 2:1 input, regulated, encapsulated, DIP-24" />
    <text name="Mouser Part Number" originx="0" originy="0" style="Default" rotation="0" justify="" flipped="False" hidden="True" data="495-TEL-5-2410" />
    <text name="Mouser Price/Stock" originx="0" originy="0" style="Default" rotation="0" justify="" flipped="False" hidden="True" data="https://www.mouser.co.uk/ProductDetail/TRACO-Power/TEL-5-2410?qs=ckJk83FOD0VwnsStF4tUtw%3D%3D" />
    <text name="Manufacturer_Name" originx="0" originy="0" style="Default" rotation="0" justify="" flipped="False" hidden="True" data="Traco Power" />
    <text name="Manufacturer_Part_Number" originx="1750" originy="200" style="Default" rotation="0" justify="left" flipped="False" hidden="False" data="TEL 5-2410" />
  </component>
</quadcept_library>
